K,Lambda_CPU(Alpha),Lambda_SDisk1(Alpha),Lambda_SDisk2(Alpha),Lambda_SDisk3(Alpha),Lambda_UDisk1(Alpha),Lambda_UDisk2(Alpha),Lambda_UDisk3(Alpha),Lambda_UDisk4(Alpha),Lambda_UDisk5(Alpha)
2,1.5625,0.4166666666666668,0.31250000000000006,0.20833333333333337,0.5000000000000001,0.5000000000000001
3,1.5625,0.4166666666666668,0.31250000000000006,0.20833333333333337,0.3333333333333333,0.3333333333333333,0.3333333333333333
4,1.5625,0.4166666666666668,0.31250000000000006,0.20833333333333337,0.25000000000000006,0.25000000000000006,0.25000000000000006,0.25000000000000006
5,1.5625,0.4166666666666668,0.31250000000000006,0.20833333333333337,0.2,0.2,0.2,0.2,0.2
